incident_source_id,source_record_id,date,registration,fatalities,source_url,year
14635,19850908053709I,1985-09-08,034156,1,,1985
31489,19880705025609A,1988-07-05,089185,0,,1988
42116,19900217002249A,1990-02-17,090523,1,,1990
52320,19911003059439I,1991-10-03,084519,0,,1991
89027,19970609018319A,1997-06-09,020185,1,,1997
90048,19980517009469A,1998-05-17,148260,0,,1998
96618,20010121001259A,2001-01-21,174771,2,,2001
108320,20040310003919I,2004-03-10,025484,0,,2004
119624,20070818020039A,2007-08-18,185623,1,,2007
123910,20081126854739I,2008-11-26,190158,0,,2008
129122,20100715045469A,2010-07-15,199001,0,,2010
129414,20101025050359A,2010-10-25,199487,3,,2010
152099,20190528017179I,2019-05-28,222972,0,,2019
151480,20190215010299A,2019-02-15,222217,2,,2019
155424,20220623009859I,2022-06-23,229325,0,,2022
166570,20240920022149A,2024-09-20,237680,1,,2024
166221,20250522006829I,2025-05-22,236948,0,,2025
157415,20250401005189A,2025-04-01,236765,1,,2025
78933,19980315003359A,1998-03-15,125738,4,,1998
165201,20240414007279I,2024-04-14,234772,0,,2024
63679,19931010038529A,1993-10-10,126458,1,,1993
56656,19920712024819A,1992-07-12,126340,0,,1992
74081,19960712023869I,1996-07-12,017958,0,,1996
54535,19920301014509I,1992-03-01,091010,0,,1992
137855,20130719012839A,2013-07-19,207536,0,,2013
37093,19890521027139I,1989-05-21,103300,0,,1989
39107,19890802051589I,1989-08-02,127581,0,,1989
55381,19920426011549A,1992-04-26,073194,0,,1992
122321,20080605834609I,2008-06-05,188155,0,,2008
59133,19921228051919A,1992-12-28,134894,0,,1992
74458,19960819023439A,1996-08-19,017949,0,,1996
32315,19880824054799I,1988-08-24,073984,0,,1988
36763,19890422026319I,1989-04-22,121400,0,,1989
67193,19940730020029A,1994-07-30,146507,0,,1994
39124,19890826031919A,1989-08-26,151663,0,,1989
94323,20000721009329A,2000-07-21,020890,0,,2000
142638,20150707015029A,2015-07-07,212816,0,,2015
25563,19870702082259A,1987-07-02,090290,0,,1987
41816,19900207006009I,1990-02-07,097226,0,,1990
49627,19910522032149I,1991-05-22,097164,0,,1991
32851,19880906065079I,1988-09-06,077287,0,,1988
112338,20050421007129I,2005-04-21,032260,0,,2005
158654,20210604006599I,2021-06-04,226655,0,,2021
10719,19850321008559A,1985-03-21,098410,1,,1985
49679,19910511015309A,1991-05-11,080279,0,,1991
92127,20000120022319I,2000-01-20,083750,0,,2000
137376,20130517007159I,2013-05-17,206881,0,,2013
148598,20171101020969I,2017-11-01,218336,0,,2017
138205,20131018019809I,2013-10-18,208239,0,,2013
142310,20150601011989A,2015-06-01,212512,0,,2015
27186,19870915053069A,1987-09-15,162499,0,,1987
78718,19960920034352A,1996-09-20,083559,0,,1996
139058,20140207001809A,2014-02-07,209017,0,,2014
34976,19890115000439A,1989-01-15,069634,2,,1989
95883,20001212038579A,2000-12-12,078063,0,,2000
150671,20180914013569I,2018-09-14,220108,0,,2018
25773,19870815045519A,1987-08-15,044219,2,,1987
45900,19900908048122I,1990-09-08,124519,0,,1990
23982,19870420042759I,1987-04-20,040253,0,,1987
63052,19930903043059I,1993-09-03,080982,0,,1993
112219,20050430019209I,2005-04-30,065509,0,,2005
54449,19920205001989A,1992-02-05,109621,1,,1992
88365,19961023038069I,1996-10-23,168765,0,,1996
70532,19950706028009I,1995-07-06,154758,0,,1995
70705,19950721019159A,1995-07-21,083154,1,,1995
152949,20190926019039I,2019-09-26,223225,1,,2019
66763,19940701018979A,1994-07-01,086612,0,,1994
56660,19920710024929A,1992-07-10,157030,0,,1992
54739,19920407009179A,1992-04-07,098433,0,,1992
32399,19880822058299I,1988-08-22,146995,0,,1988
164477,20230608012829A,2023-06-08,233035,0,,2023
124045,20081022851371A,2008-10-22,189685,0,,2008
140236,20140920019299A,2014-09-20,210797,0,,2014
121978,20080415831749A,2008-04-15,187537,1,,2008
89399,19970915036439I,1997-09-15,084265,0,,1997
159583,20230305001729I,2023-03-05,231668,0,,2023
81733,19970701016389A,1997-07-01,072004,0,,1997
121085,20071022831999I,2007-10-22,187661,0,,2007
31820,19880716026729A,1988-07-16,084870,0,,1988
134945,20120719014449I,2012-07-19,204664,0,,2012
72133,19951118037749A,1995-11-18,085225,1,,1995
59216,19930112001679I,1993-01-12,075991,0,,1993
106296,20030730023659I,2003-07-30,028756,0,,2003
37809,19890615015679A,1989-06-15,075614,1,,1989
120843,20071121827919A,2007-11-21,186522,0,,2007
73461,19950911034699I,1995-09-11,124651,0,,1995
80003,19981112041379I,1998-11-12,138759,0,,1998
79586,19980915034719A,1998-09-15,026565,2,,1998
21916,19861208082699I,1986-12-08,109361,0,,1986
147911,20170930014269I,2017-09-30,217580,1,,2017
11793,19850513016449A,1985-05-13,127100,0,,1985
105062,20030518011059I,2003-05-18,023325,0,,2003
25135,19870720042029A,1987-07-20,067147,0,,1987
147436,20170617012159I,2017-06-17,217368,0,,2017
114788,20060102000339A,2006-01-02,174546,0,,2006
135574,20121002020999A,2012-10-02,205324,0,,2012
11600,19850411073759A,1985-04-11,168905,0,,1985
102315,20020630027099I,2002-06-30,022385,0,,2002
127814,20100220027619I,2010-02-20,196642,0,,2010
153346,20191015017979A,2019-10-15,223078,0,,2019
34721,19881126067229I,1988-11-26,035656,0,,1988
122827,20080808855699I,2008-08-08,190299,0,,2008
153832,20200209004689I,2020-02-09,223977,0,,2020
78912,19980312012909I,1998-03-12,094372,0,,1998
104214,20021230037759A,2002-12-30,024071,0,,2002
140266,20140822017889A,2014-08-22,210655,0,,2014
102788,20020902028799I,2002-09-02,022536,0,,2002
23278,19870312007779A,1987-03-12,119130,0,,1987
109159,20040629015039A,2004-06-29,032827,0,,2004
16311,19860106003439I,1986-01-06,140464,0,,1986
44755,19900725040109I,1990-07-25,162158,0,,1990
18729,19860626027869A,1986-06-26,115005,0,,1986
134395,20120620019439I,2012-06-20,205168,0,,2012
78936,19980709026079I,1998-07-09,146241,0,,1998
76074,19960406011229I,1996-04-06,111904,0,,1996
113696,20050821019679A,2005-08-21,065458,0,,2005
166725,20250424016919I,2025-04-24,238004,0,,2025
107730,20031226036479I,2003-12-26,025619,0,,2003
33789,19881104060849I,1988-11-04,103088,0,,1988
106837,20030816020609I,2003-08-16,024118,0,,2003
94192,20000712007979A,2000-07-12,092882,0,,2000
140820,20141203022939I,2014-12-03,211164,0,,2014
46110,19901014055209I,1990-10-14,079248,0,,1990
50276,19910713033629I,1991-07-13,109992,0,,1991
45327,19900821041999I,1990-08-21,156362,0,,1990
62871,19930917046649I,1993-09-17,074448,0,,1993
104997,20030512011309A,2003-05-12,023612,0,,2003
33449,19881001052939I,1988-10-01,130457,0,,1988
14223,19850827057349A,1985-08-27,096147,0,,1985
110980,20041203035309I,2004-12-03,182864,0,,2004
122697,20080603835009I,2008-06-03,188196,0,,2008
13028,19850625027879A,1985-06-25,086218,0,,1985
16492,19860228010449I,1986-02-28,131741,0,,1986
43120,19900511015649A,1990-05-11,133619,0,,1990
100418,20011201036399A,2001-12-01,180614,0,,2001
107127,20031016029249A,2003-10-16,031663,0,,2003
132095,20110625011431A,2011-06-25,201275,0,,2011
20650,19860902056619I,1986-09-02,016229,0,,1986
138112,20130914024229A,2013-09-14,208681,0,,2013
104877,20030402004689A,2003-04-02,023433,0,,2003
84692,19980618026549I,1998-06-18,140639,0,,1998
29916,19880407041429I,1988-04-07,129614,0,,1988
101425,20020425009499I,2002-04-25,183150,0,,2002
40095,19891006055299I,1989-10-06,092600,0,,1989
97076,20010225004259I,2001-02-25,175233,0,,2001
146843,20170422003899I,2017-04-22,216391,0,,2017
150111,20180803009829A,2018-08-03,219727,0,,2018
91660,19990925029699A,1999-09-25,110547,0,,1999
120192,20070901823919A,2007-09-01,186022,0,,2007
98324,20010618023469A,2001-06-18,177147,0,,2001
58489,19921027049379I,1992-10-27,153439,0,,1992
141675,20150321004289I,2015-03-21,211732,0,,2015
23864,19870416037309I,1987-04-16,060948,1,,1987
44252,19900621021529A,1990-06-21,110335,0,,1990
36087,19890320024969I,1989-03-20,078329,0,,1989
50845,19910805041179I,1991-08-05,117153,0,,1991
57404,19920906040959I,1992-09-06,108092,0,,1992
161489,20200724009999A,2020-07-24,224701,0,,2020
78019,19971023030879I,1997-10-23,160622,0,,1997
89098,19970629019959A,1997-06-29,110884,0,,1997
46781,19901114060439I,1990-11-14,119639,0,,1990
143234,20150922019189I,2015-09-22,213234,0,,2015
116622,20060624016809I,2006-06-24,179268,0,,2006
132186,20110813027219I,2011-08-13,202890,0,,2011
146247,20170118000429I,2017-01-18,215782,0,,2017
55379,19920504032799A,1992-05-04,085220,0,,1992
58611,19921124047759A,1992-11-24,143867,0,,1992
23612,19870423022319I,1987-04-23,154105,0,,1987
147486,20170804012779A,2017-08-04,217430,0,,2017
75544,19970120004459I,1997-01-20,070459,0,,1997
31182,19880621060429A,1988-06-21,171118,0,,1988
141039,20141125022069I,2014-11-25,211075,0,,2014
84179,19980427018169I,1998-04-27,115357,0,,1998
103573,20021001029379I,2002-10-01,022545,0,,2002
75605,19960301003369A,1996-03-01,087025,2,,1996
12418,19850527026299A,1985-05-27,100392,0,,1985
53650,19920114000559A,1992-01-14,115443,0,,1992
19280,19860719073559I,1986-07-19,071402,0,,1986
132782,20111204029129I,2011-12-04,203101,0,,2011
44078,19900630023029A,1990-06-30,077352,0,,1990
160996,20251106018649A,2025-11-06,238183,0,,2025
80898,19980926026739I,1998-09-26,173398,0,,1998
141408,20150119000349A,2015-01-19,211260,0,,2015
111464,20050120010809A,2005-01-20,031146,3,,2005
74691,19961202043539I,1996-12-02,104852,0,,1996
164630,20230917016452A,2023-09-17,233419,1,,2023
130923,20110406006699I,2011-04-06,200792,0,,2011
161094,20200501001059I,2020-05-01,223448,0,,2020
114672,20051010027109I,2005-10-10,066237,0,,2005
88962,19970521023149A,1997-05-21,070332,0,,1997
114537,20051208033389I,2005-12-08,177577,0,,2005
66944,19940618047909A,1994-06-18,080442,0,,1994
21325,19861002077349I,1986-10-02,168430,0,,1986
49760,19910614035439I,1991-06-14,068389,0,,1991
44208,19900622023559A,1990-06-22,120142,0,,1990
127677,20100309029669I,2010-03-09,196370,0,,2010
20783,19860824056979I,1986-08-24,140715,0,,1986
123974,20081127853559I,2008-11-27,189908,0,,2008
107079,20031005024489I,2003-10-05,024379,0,,2003
59729,19930206001759A,1993-02-06,158946,0,,1993
43468,19900527045249I,1990-05-27,076734,0,,1990
113880,20050911023049I,2005-09-11,065987,0,,2005
138144,20130904016709A,2013-09-04,207927,0,,2013
119752,20070808019609A,2007-08-08,185580,0,,2007
111873,20050309009259I,2005-03-09,027865,0,,2005
139290,20140320007149I,2014-03-20,209572,0,,2014
27675,19871023082239A,1987-10-23,109465,1,,1987
104989,20030329008459I,2003-03-29,023296,0,,2003
153560,20191204021109I,2019-12-04,223581,0,,2019
141705,20150415004449I,2015-04-15,211748,0,,2015
120755,20071115829719I,2007-11-15,186730,0,,2007
92033,20000114000149I,2000-01-14,021238,0,,2000
110787,20041108031409A,2004-11-08,027159,0,,2004
65102,19940323008979I,1994-03-23,154491,0,,1994
14739,19850916051699I,1985-09-16,071432,0,,1985
99173,20010822024469A,2001-08-22,178852,0,,2001
57437,19920828038619A,1992-08-28,144936,0,,1992
59335,19930105002509A,1993-01-05,163441,0,,1993
122023,20080327837069A,2008-03-27,187947,0,,2008
117925,20061126028249I,2006-11-26,181796,0,,2006
18419,19860507038749I,1986-05-07,016205,0,,1986
32332,19880805037531I,1988-08-05,045719,0,,1988
147251,20170514021039I,2017-05-14,218347,0,,2017
38348,19890714047609I,1989-07-14,170117,0,,1989
86804,19990811011759A,1999-08-11,115997,0,,1999
147037,20170414005589I,2017-04-14,216596,0,,2017
58475,19921029044469I,1992-10-29,173840,0,,1992
122452,20080522836069A,2008-05-22,187846,0,,2008
23159,19870224007119I,1987-02-24,131697,0,,1987
132740,20111201029349A,2011-12-01,203126,0,,2011
56091,19920526021399I,1992-05-26,166849,0,,1992
147189,20170603013159I,2017-06-03,217469,0,,2017
122445,20080604838349A,2008-06-04,188078,0,,2008
27252,19871004065509I,1987-10-04,124767,0,,1987
132301,20110916021719A,2011-09-16,202310,0,,2011
43932,19900702034719I,1990-07-02,109988,0,,1990
80518,19970315003111A,1997-03-15,101550,2,,1997
14588,19850911047229A,1985-09-11,104341,0,,1985
45505,19900827047889I,1990-08-27,159540,0,,1990
109277,20040630020769I,2004-06-30,032293,0,,2004
82609,19950112000609A,1995-01-12,147636,1,,1995
107641,20040114006359A,2004-01-14,180257,0,,2004
9998,19850105005749I,1985-01-05,075470,0,,1985
115507,20060412005639I,2006-04-12,176513,0,,2006
152444,20190630008719I,2019-06-30,222036,0,,2019
54493,19920207002459A,1992-02-07,157021,0,,1992
60264,19930407008129A,1993-04-07,154703,0,,1993
140047,20140607009519A,2014-06-07,209812,0,,2014
76229,19970705022309I,1997-07-05,144411,0,,1997
146001,20161204018929I,2016-12-04,215633,0,,2016
14356,19850919045709A,1985-09-19,081229,0,,1985
148723,20180113000799A,2018-01-13,218724,0,,2018
94513,20000708010769A,2000-07-08,149632,1,,2000
26392,19870821053829I,1987-08-21,107825,0,,1987
76810,19970625045999A,1997-06-25,071967,0,,1997
24189,19870520042409I,1987-05-20,166329,0,,1987
118649,20070430015829I,2007-04-30,185192,0,,2007
32547,19880824042099A,1988-08-24,088339,0,,1988
71581,19950913033219I,1995-09-13,076654,0,,1995
35448,19890313004909A,1989-03-13,082417,0,,1989
20249,19860804037269A,1986-08-04,080305,0,,1986
146649,20170308007359I,2017-03-08,216838,0,,2017
35145,19890130009959I,1989-01-30,089213,0,,1989
157087,20240911016239A,2024-09-11,235686,0,,2024
26857,19870927069769I,1987-09-27,048771,0,,1987
109644,20040607023549I,2004-06-07,028431,0,,2004
66982,19940810021039A,1994-08-10,065354,0,,1994
29364,19880308005809A,1988-03-08,139681,0,,1988
98256,20010629022679A,2001-06-29,177346,0,,2001
44342,19900725037219I,1990-07-25,051804,0,,1990
84328,19991105046329A,1999-11-05,140548,0,,1999
11615,19850403049219A,1985-04-03,090220,0,,1985
21070,19861022049619A,1986-10-22,092327,0,,1986
19924,19860801054929I,1986-08-01,145137,0,,1986
95468,20000927019399I,2000-09-27,080807,0,,2000
106780,20030904025399I,2003-09-04,024604,0,,2003
148323,20170925020899A,2017-09-25,218328,0,,2017
79575,19980914024039A,1998-09-14,160153,0,,1998
69067,19950102000059A,1995-01-02,086603,0,,1995
39761,19891027054949I,1989-10-27,074482,0,,1989
69472,19950213001709A,1995-02-13,080446,0,,1995
84012,19990911039739I,1999-09-11,117069,0,,1999
149032,20180424004049I,2018-04-24,219111,0,,2018
51478,19910816034649A,1991-08-16,036909,0,,1991
104878,20030417007029A,2003-04-17,031159,0,,2003
48119,19910218005429A,1991-02-18,090961,0,,1991
116218,20060608013459A,2006-06-08,178430,0,,2006
155998,20210510023129A,2021-05-10,232160,0,,2021
121666,20080128014389A,2008-01-28,187470,0,,2008
31297,19880619023339A,1988-06-19,115968,0,,1988
52131,19910906050219I,1991-09-06,121742,0,,1991
103549,20020929031839I,2002-09-29,032531,0,,2002
113813,20051001023189A,2005-10-01,065843,0,,2005
87642,19960428012209I,1996-04-28,075443,0,,1996
73498,19960516024919I,1996-05-16,116079,0,,1996
34960,19890107006369I,1989-01-07,119864,0,,1989
166002,20250321002769I,2025-03-21,236497,0,,2025
146200,20161118024759I,2016-11-18,218375,0,,2016
16317,19860123017469I,1986-01-23,096610,0,,1986
161237,20200318004119A,2020-03-18,223901,1,,2020
133328,20120215003309I,2012-02-15,203526,0,,2012
148058,20171003016299I,2017-10-03,217803,0,,2017
75133,19960121004049I,1996-01-21,078860,0,,1996
87189,19991005034209I,1999-10-05,121027,0,,1999
16087,19860110081279A,1986-01-10,148734,0,,1986
80355,19990108015469I,1999-01-08,094818,0,,1999
46505,19901120057849I,1990-11-20,157278,0,,1990
126913,20091115022569A,2009-11-15,192774,0,,2009
98881,20010820030239I,2001-08-20,178655,0,,2001
99288,20010830025479A,2001-08-30,179099,0,,2001
37661,19890621054199I,1989-06-21,112043,0,,1989
48333,19910303010569I,1991-03-03,078950,0,,1991
24681,19870611020049A,1987-06-11,140055,0,,1987
145458,20160829015439A,2016-08-29,215263,0,,2016
132499,20110820018929I,2011-08-20,202028,0,,2011
149188,20180317002879I,2018-03-17,218974,0,,2018
158588,20210405005029I,2021-04-05,226481,0,,2021
136542,20130211002429I,2013-02-11,206375,0,,2013
148652,20171122021879I,2017-11-22,218480,0,,2017
22124,19861220068709A,1986-12-20,146476,0,,1986
82393,19990413003299A,1999-04-13,083696,0,,1999
81425,19990603013689I,1999-06-03,069551,0,,1999
16564,19860224005169A,1986-02-24,173588,0,,1986
75047,19970129008369I,1997-01-29,173846,0,,1997
119835,20070712023389A,2007-07-12,185966,0,,2007
126926,20091115051149I,2009-11-15,196692,0,,2009
56486,19920722026609A,1992-07-22,085830,3,,1992
18397,19860506076999A,1986-05-06,093428,1,,1986
113799,20050921025299A,2005-09-21,066220,1,,2005
37490,19890610036789I,1989-06-10,129020,0,,1989
95537,20001003034239A,2000-10-03,156977,0,,2000
111306,20041217032989A,2004-12-17,027219,0,,2004
148411,20171102018159I,2017-11-02,218007,0,,2017
15656,19851204064249A,1985-12-04,155306,0,,1985
165191,20240601007129A,2024-06-01,234756,0,,2024
159164,20220520005129I,2022-05-20,228815,0,,2022
114992,20060123001339I,2006-01-23,175596,0,,2006
105176,20030509017199I,2003-05-09,023946,0,,2003
38625,19890802050509I,1989-08-02,105605,0,,1989
100158,20011227034219I,2001-12-27,020654,0,,2001
156923,20240415011009A,2024-04-15,235150,0,,2024
64616,19940114007529I,1994-01-14,098505,0,,1994
151438,20181130023989A,2018-11-30,222198,3,,2018
87282,19960220005189I,1996-02-20,029685,0,,1996
86800,19951128039089A,1995-11-28,079983,0,,1995
95040,20000905027659I,2000-09-05,104939,0,,2000
73054,19960522017469I,1996-05-22,121034,0,,1996
89840,19980302017249I,1998-03-02,159113,0,,1998
50980,19910731030869A,1991-07-31,165880,0,,1991
18061,19860422025909I,1986-04-22,142182,0,,1986
40401,19891130062139I,1989-11-30,149664,0,,1989
126842,20090924018339A,2009-09-24,192303,0,,2009
124197,20081119856879A,2008-11-19,190524,0,,2008
80198,19980727030559I,1998-07-27,086376,0,,1998
44438,19900703023229A,1990-07-03,037938,0,,1990
136507,20130219001639I,2013-02-19,206288,0,,2013
141904,20150422005799A,2015-04-22,211885,0,,2015
16558,19860217021509I,1986-02-17,077298,0,,1986
136031,20130115000089A,2013-01-15,206048,0,,2013
10630,19850302007049A,1985-03-02,151749,0,,1985
48878,19910405009019A,1991-04-05,090187,23,,1991
103511,20021107030859I,2002-11-07,022569,0,,2002
80882,19980923026019I,1998-09-23,171077,0,,1998
43290,19900601019829A,1990-06-01,109501,0,,1990
151108,20190123000339A,2019-01-23,220746,1,,2019
155967,20230310004489I,2023-03-10,232094,0,,2023
135810,20121027024039A,2012-10-27,205629,0,,2012
58048,19920920042599I,1992-09-20,067109,0,,1992
130919,20110410007919I,2011-04-10,200915,0,,2011
109457,20040612011609A,2004-06-12,032382,1,,2004
43239,19900530019949A,1990-05-30,090806,0,,1990
62111,19930809029119A,1993-08-09,070754,0,,1993
103944,20030124005129I,2003-01-24,023193,0,,2003
105807,20030627028979A,2003-06-27,032545,0,,2003
150064,20180717011469I,2018-07-17,219892,0,,2018
152389,20190622007859I,2019-06-22,221944,0,,2019
108614,20040404010299A,2004-04-04,033148,1,,2004
118465,20070119000729I,2007-01-19,181834,0,,2007
47897,19910123000969A,1991-01-23,155477,0,,1991
53986,19920120007559I,1992-01-20,090494,0,,1992
45572,19900914049949I,1990-09-14,122427,0,,1990
127333,20100104026139I,2010-01-04,197515,0,,2010
149645,20180518005559A,2018-05-18,219276,0,,2018
124835,20090120002899I,2009-01-20,190550,0,,2009
60980,19930515017509I,1993-05-15,017070,0,,1993
80614,19990225016239I,1999-02-25,146016,0,,1999
66516,19940625017129A,1994-06-25,069097,0,,1994
70011,19950517020989I,1995-05-17,071902,0,,1995
67029,19940813027109A,1994-08-13,118031,0,,1994
23059,19870318026279I,1987-03-18,093841,0,,1987
31052,19880626023719A,1988-06-26,170797,0,,1988
21784,19861111054629A,1986-11-11,075914,0,,1986
57185,19920817038209I,1992-08-17,135556,0,,1992
26059,19870730046459I,1987-07-30,147004,0,,1987
12999,19850714071689A,1985-07-14,152134,1,,1985
69453,19950225002599A,1995-02-25,092173,0,,1995
39149,19890905048509I,1989-09-05,146504,0,,1989
49623,19910428012879A,1991-04-28,120539,0,,1991
143957,20160201004839A,2016-02-01,214115,0,,2016
127303,20091210053049I,2009-12-10,197205,0,,2009
21978,19861227069629A,1986-12-27,143267,0,,1986
156740,20240407005349A,2024-04-07,234569,0,,2024
92774,20000328012509A,2000-03-28,137463,0,,2000
65674,19940510026969I,1994-05-10,114337,0,,1994
159570,20220505020569A,2022-05-05,231640,0,,2022
98577,20010721020479I,2001-07-21,178201,0,,2001
145381,20160830014809I,2016-08-30,215199,0,,2016
43694,19900519016729A,1990-05-19,096182,0,,1990
110095,20040730021269I,2004-07-30,029325,0,,2004
70171,19950511015669I,1995-05-11,107730,0,,1995
80134,19970128047229A,1997-01-28,020974,0,,1997
24875,19870623045259I,1987-06-23,128807,0,,1987
65954,19940530036999I,1994-05-30,070603,0,,1994
90449,19980907035489A,1998-09-07,160921,0,,1998
128872,20100627038209I,2010-06-27,198248,0,,2010
121934,20080320832569A,2008-03-20,187622,0,,2008
113598,20050809029319I,2005-08-09,174450,0,,2005
38318,19890723041119I,1989-07-23,169968,0,,1989
154592,20210417006469I,2021-04-17,226642,0,,2021
138950,20140108000109I,2014-01-08,208737,0,,2014
164284,20220716022729A,2022-07-16,232592,0,,2022
13725,19850801072799A,1985-08-01,120550,0,,1985
61245,19930607028449I,1993-06-07,116068,0,,1993
91172,19990520005499I,1999-05-20,143018,0,,1999
152846,20190811013939A,2019-08-11,222587,2,,2019
139988,20140527012209I,2014-05-27,210082,0,,2014
28702,19880123005429I,1988-01-23,128850,0,,1988
88852,19970415010419I,1997-04-15,142110,0,,1997
107234,20031030036559I,2003-10-30,025732,0,,2003
101434,20020416019069I,2002-04-16,183113,0,,2002
73758,19960609017419I,1996-06-09,017867,0,,1996
127815,20100220027759I,2010-02-20,196780,0,,2010
16014,19860117008839I,1986-01-17,040064,0,,1986
110747,20041024027329A,2004-10-24,026909,1,,2004
99061,20010926025209I,2001-09-26,179442,0,,2001
161113,20200311001429I,2020-03-11,223485,0,,2020
69450,19950224006829I,1995-02-24,098800,0,,1995
22196,19861228079609I,1986-12-28,167973,0,,1986
116230,20060519012049A,2006-05-19,177828,0,,2006
158970,20210824019659I,2021-08-24,227995,0,,2021
10857,19850318019419I,1985-03-18,110208,0,,1985
94951,20000810026739I,2000-08-10,102633,0,,2000
18979,19860627028389A,1986-06-27,150107,0,,1986
11979,19850521021569A,1985-05-21,158961,0,,1985
98564,20010801018589I,2001-08-01,030847,0,,2001
85893,19990302013079I,1999-03-02,139955,0,,1999
145150,20160826009509I,2016-08-26,214652,0,,2016
76711,19970619015109A,1997-06-19,018419,1,,1997
143458,20151116022699I,2015-11-16,213797,0,,2015
144921,20160711011019I,2016-07-11,214807,0,,2016
123223,20080802857789A,2008-08-02,202637,0,,2008
119449,20070628827329I,2007-06-28,186462,0,,2007
86699,19990728040209I,1999-07-28,169105,0,,1999
108525,20040217004769A,2004-02-17,032140,3,,2004
91825,19991124044509A,1999-11-24,104509,2,,1999
59661,19930204001659A,1993-02-04,142264,0,,1993
124203,20081113856689A,2008-11-13,190489,0,,2008
55894,19920604022979I,1992-06-04,050572,0,,1992
155944,20230424003529A,2023-04-24,231986,0,,2023
124852,20090115001739I,2009-01-15,190334,0,,2009
141480,20150209002889A,2015-02-09,211579,0,,2015
16118,19860117082169A,1986-01-17,083816,0,,1986
154007,20200316010079I,2020-03-16,224711,0,,2020
88985,19970527047649A,1997-05-27,020488,0,,1997
99260,20010924025609I,2001-09-24,020012,0,,2001
152916,20190911015839I,2019-09-11,222787,0,,2019
155397,20220805008779A,2022-08-05,229210,0,,2022
60269,19930403007879A,1993-04-03,094587,0,,1993
36276,19890315023599I,1989-03-15,114164,0,,1989
91168,19990518014329I,1999-05-18,084611,0,,1999
25964,19870806068509I,1987-08-06,153062,0,,1987
52931,19911013046109A,1991-10-13,110911,0,,1991
99631,20011012029889I,2001-10-12,180128,0,,2001
111939,20050220006409A,2005-02-20,029271,0,,2005
59051,19930107000249I,1993-01-07,084765,0,,1993
118392,20070223002929A,2007-02-23,182669,0,,2007
101432,20020416015459I,2002-04-16,059931,0,,2002
34412,19881230067809I,1988-12-30,080582,0,,1988
122802,20080721843839A,2008-07-21,188839,1,,2008
106962,20031113031139A,2003-11-13,024854,1,,2003
160306,20240607008309A,2024-06-07,234877,0,,2024
98316,20010621022619A,2001-06-21,177153,0,,2001
55304,19920421018669I,1992-04-21,137168,0,,1992
158848,20210826015729I,2021-08-26,227594,0,,2021
21333,19861007065289I,1986-10-07,090132,0,,1986
136367,20130115025799I,2013-01-15,209029,0,,2013
119560,20070704012899A,2007-07-04,184886,1,,2007
85311,19980928033459I,1998-09-28,149885,0,,1998
147155,20170611008249I,2017-06-11,216946,0,,2017
66395,19940530028959I,1994-05-30,169348,0,,1994
144842,20160531008449I,2016-05-31,214529,0,,2016
56021,19920529020879I,1992-05-29,097345,0,,1992
95456,20000929017299I,2000-09-29,019645,0,,2000
99715,20011018029479I,2001-10-18,020636,0,,2001
82935,19950205010029A,1995-02-05,146441,0,,1995
115999,20060602021799A,2006-06-02,180742,2,,2006
52343,19910924049779I,1991-09-24,083429,0,,1991
89533,19971026031019A,1997-10-26,109730,0,,1997
101449,20020403007539I,2002-04-03,183265,0,,2002
89110,19970702024659I,1997-07-02,167698,0,,1997
